sample_size	time	mem
29	26.82008	688422912
285	61.65458	1200422912
2853	173.2977	2511814656
28535	441.8867	5052628992
285350	1142.786	7681458176
2853498	2994.316	8156135424
